Ruddy,Tom
Daven,Swen
Angie,Antoni
Syd,Fran
Car,Heywood
Thorny,Gregoor
Arte,Gail
Arel,Gilburt
Dwain,Khalil
Samuele,Hewett
Aguste,Casper
Renard,Pierson
Kenny,Donalt
Mallory,Sigismondo
Bearnard,Randi
Terrence,Ole
Ulrick,Giorgi
Lyon,Fabian
Urban,Rodrick
Hector,Rossie
Linc,Torry
Johnnie,Alvis
Gerry,Hobard
Manny,Aymer
Ody,Lucas
Osmund,Hirsch
Orville,Alasdair
Kliment,Lane
Woodman,Rodrigo
Hazlett,Karl
Franklin,Tremayne
Hobie,Myron
My,Aron
Brand,Allie
Gregorio,Shanan
Patton,Briant
Eldin,Booth
Lindon,Victoir
Chance,Munroe
Penn,Richy
Perceval,Antin
Rudolfo,Hewe
Vidovik,Bradley
Alvie,Benjy
Elvin,Jeth
Nathanael,Osbert
Silvano,Cornall
Slade,Ikey
Baxie,Alwyn
Cletus,Sutton
Karel,Kev
Nealon,Prentice
Patrizius,Rob
Inger,Ave
Holden,Muffin
Vic,Alessandro
Abrahan,Brantley
Husain,Daryl
Danie,Alfy
Bail,Herc
Torrence,Art
Winfield,Carrol
Ody,Desi
Webb,Clayborn
Dag,Kristofor
Alf,Jarred
Urban,Ephraim
Casey,Wayland
Barnie,Raimundo
Alair,Berkley
Bentlee,Marv
Zared,Robinet
Lynn,Nathanial
Francois,Erhard
Cirilo,Thom
Vinnie,Dennie
Jeremiah,Meade
Ben,Stanleigh
Jethro,Del
Durward,Obed
Timotheus,Gasparo
Warner,Goddart
Denney,Kincaid
Corbie,Gary
Piggy,Worden
Howard,Pacorro
Mead,Dolph
Mordy,Farley
Witty,Sumner
Saundra,Elliott
Hilly,Perren
Stuart,Papageno
Ferguson,Renaldo
Bordie,Dexter
Renaud,Zackariah
Gibby,Bondie
Hanan,Drew
Prescott,Seth
Anson,Kimble
Allen,Solomon
